{
  "avg_word_reduction_ratio": 1.0759579309174356,
  "avg_clarity_score": 0.021185643674999984
}